[
  {
    "title": "Lose Yourself",
    "artist": "Eminem",
    "duration": 326,
    "bpm": 171,
    "genre": "hip-hop"
  },
  {
    "title": "Till I Collapse",
    "artist": "Eminem",
    "duration": 297,
    "bpm": 171,
    "genre": "hip-hop"
  },
  {
    "title": "God's Plan",
    "artist": "Drake",
    "duration": 198,
    "bpm": 154,
    "genre": "hip-hop"
  },
  {
    "title": "Blinding Lights",
    "artist": "The Weeknd",
    "duration": 200,
    "bpm": 171,
    "genre": "pop"
  },
  {
    "title": "Sicko Mode",
    "artist": "Travis Scott",
    "duration": 312,
    "bpm": 155,
    "genre": "hip-hop"
  },
  {
    "title": "In the End",
    "artist": "Linkin Park",
    "duration": 217,
    "bpm": 105,
    "genre": "rock"
  },
  {
    "title": "HUMBLE.",
    "artist": "Kendrick Lamar",
    "duration": 177,
    "bpm": 150,
    "genre": "hip-hop"
  },
  {
    "title": "Shape of You",
    "artist": "Ed Sheeran",
    "duration": 233,
    "bpm": 96,
    "genre": "pop"
  },
  {
    "title": "Rockstar",
    "artist": "Post Malone",
    "duration": 218,
    "bpm": 80,
    "genre": "hip-hop"
  },
  {
    "title": "Senorita",
    "artist": "Shawn Mendes",
    "duration": 190,
    "bpm": 117,
    "genre": "pop"
  },
  {
    "title": "Bad Guy",
    "artist": "Billie Eilish",
    "duration": 194,
    "bpm": 135,
    "genre": "pop"
  },
  {
    "title": "Believer",
    "artist": "Imagine Dragons",
    "duration": 204,
    "bpm": 125,
    "genre": "rock"
  },
  {
    "title": "Old Town Road",
    "artist": "Lil Nas X",
    "duration": 157,
    "bpm": 136,
    "genre": "hip-hop"
  },
  {
    "title": "7 Rings",
    "artist": "Ariana Grande",
    "duration": 178,
    "bpm": 70,
    "genre": "pop"
  },
  {
    "title": "Sunflower",
    "artist": "Post Malone",
    "duration": 158,
    "bpm": 90,
    "genre": "hip-hop"
  },
  {
    "title": "No Tears Left to Cry",
    "artist": "Ariana Grande",
    "duration": 206,
    "bpm": 122,
    "genre": "pop"
  },
  {
    "title": "Lucid Dreams",
    "artist": "Juice WRLD",
    "duration": 239,
    "bpm": 84,
    "genre": "hip-hop"
  },
  {
    "title": "Memories",
    "artist": "Maroon 5",
    "duration": 189,
    "bpm": 91,
    "genre": "pop"
  },
  {
    "title": "Savage Love",
    "artist": "Jawsh 685 & Jason Derulo",
    "duration": 171,
    "bpm": 96,
    "genre": "pop"
  },
  {
    "title": "Levitating",
    "artist": "Dua Lipa",
    "duration": 203,
    "bpm": 103,
    "genre": "pop"
  },
  {
    "title": "One Dance",
    "artist": "Drake",
    "duration": 173,
    "bpm": 104,
    "genre": "afrobeats"
  },
  {
    "title": "Stressed Out",
    "artist": "Twenty One Pilots",
    "duration": 185,
    "bpm": 85,
    "genre": "alternative"
  },
  {
    "title": "Radioactive",
    "artist": "Imagine Dragons",
    "duration": 186,
    "bpm": 136,
    "genre": "rock"
  },
  {
    "title": "Rolling in the Deep",
    "artist": "Adele",
    "duration": 228,
    "bpm": 105,
    "genre": "pop"
  },
  {
    "title": "Closer",
    "artist": "The Chainsmokers",
    "duration": 244,
    "bpm": 95,
    "genre": "electronic"
  },
  {
    "title": "Shake It Off",
    "artist": "Taylor Swift",
    "duration": 219,
    "bpm": 160,
    "genre": "pop"
  },
  {
    "title": "Uptown Funk",
    "artist": "Mark Ronson ft. Bruno Mars",
    "duration": 269,
    "bpm": 115,
    "genre": "funk"
  },
  {
    "title": "Sorry",
    "artist": "Justin Bieber",
    "duration": 200,
    "bpm": 100,
    "genre": "pop"
  },
  {
    "title": "The Middle",
    "artist": "Zedd, Maren Morris",
    "duration": 184,
    "bpm": 99,
    "genre": "electronic"
  },
  {
    "title": "Shallow",
    "artist": "Lady Gaga & Bradley Cooper",
    "duration": 215,
    "bpm": 96,
    "genre": "pop"
  },
  {
    "title": "Despacito",
    "artist": "Luis Fonsi ft. Daddy Yankee",
    "duration": 229,
    "bpm": 89,
    "genre": "reggaeton"
  },
  {
    "title": "Attention",
    "artist": "Charlie Puth",
    "duration": 211,
    "bpm": 100,
    "genre": "pop"
  },
  {
    "title": "Stay",
    "artist": "The Kid LAROI & Justin Bieber",
    "duration": 141,
    "bpm": 170,
    "genre": "pop"
  },
  {
    "title": "Circles",
    "artist": "Post Malone",
    "duration": 215,
    "bpm": 120,
    "genre": "pop"
  },
  {
    "title": "Call Out My Name",
    "artist": "The Weeknd",
    "duration": 234,
    "bpm": 135,
    "genre": "R&B"
  },
  {
    "title": "Heat Waves",
    "artist": "Glass Animals",
    "duration": 239,
    "bpm": 81,
    "genre": "pop"
  },
  {
    "title": "Good 4 U",
    "artist": "Olivia Rodrigo",
    "duration": 178,
    "bpm": 170,
    "genre": "pop-punk"
  },
  {
    "title": "Montero (Call Me By Your Name)",
    "artist": "Lil Nas X",
    "duration": 137,
    "bpm": 89,
    "genre": "hip-hop"
  },
  {
    "title": "Industry Baby",
    "artist": "Lil Nas X ft. Jack Harlow",
    "duration": 212,
    "bpm": 150,
    "genre": "hip-hop"
  },
  {
    "title": "Dynamite",
    "artist": "BTS",
    "duration": 199,
    "bpm": 114,
    "genre": "pop"
  },
  {
    "title": "Peaches",
    "artist": "Justin Bieber ft. Daniel Caesar",
    "duration": 198,
    "bpm": 90,
    "genre": "R&B"
  },
  {
    "title": "Positions",
    "artist": "Ariana Grande",
    "duration": 172,
    "bpm": 100,
    "genre": "pop"
  },
  {
    "title": "Watermelon Sugar",
    "artist": "Harry Styles",
    "duration": 174,
    "bpm": 96,
    "genre": "pop"
  },
  {
    "title": "Say So",
    "artist": "Doja Cat",
    "duration": 237,
    "bpm": 111,
    "genre": "pop"
  },
  {
    "title": "Mood",
    "artist": "24kGoldn ft. Iann Dior",
    "duration": 140,
    "bpm": 91,
    "genre": "hip-hop"
  }
]
